,,,,,,,,,,,,,,,,,,,,,,,,,,,,
PG 1,2960,6 GRAIN CEREAL ORG,2466,ARTICHOKE HEARTS GRILLED,2100,CHRISTMAS LIMA,PG 1,,Bulk is printed on red paper,,,,5385,ALMOND BUTTER CRUNCHY R ORG,,2443,RITUAL SUMATRAN COFFEE,,5666,GRAPESEED OIL,,2246,OLIVES LECCINO FRANTOIO,,2528,PEPPER RED R SPREAD VEGAN,,
,2285,7 BEAN BARLEY SOUP ORG,2585,ARTICHOKE QUARTERS W/ PEPPERS,2630,COMMUNITY GRAINS,,,,,,,5415,ALMOND BUTTER HAZELNUT R ORG,,2447,RITUAL EHTIOPIAN COFFEE,,3965,GRITS BARLEY,,2451,OLIVES MANZANELLA ORG,,2526,PESTO CILANTRO,,
,2959,7 GRAIN CEREAL,6440,ARAME SEAWEED,2105,CRANBERRY BORIOTTI,,,,,,,2664,ALMOND SLICED HONEY GLAZED ORG,,2384,TAYLOR MAID SULAWASI COFFEE,,3525,GRITS CORN,,2295,OLIVES MCEVOY TUSCAN,,3240,PINEAPPLE DRIED SUGAR COATED,,
,2955,12 GRAIN CEREAL ORG,6140,ARROWROOT PWD,2266,CURRY LENTIL SOUP MIX,,,,,,,6440,ARAME SEAWEED,,2407,TEECCINO ORIGINAL,,2947,GRITS CORN BLUE ,,2440,OLIVES MIXED W/ HERBS,,5531,PISTACHIO BUTTER ORG,,
,2008,13 BEAN SOUP MIX,3304,BAC'UNS BACONLESS BITS ORG,2233,FAVA PEELED,,,,,,,6140,ARROWROOT PWD,,2406,TEECCINO VANILLA,,5327,HEMPSEED BUTTER ORG,,2530,OLIVES NICOISES COQUILLOS,,5163,PISTACHIO GARLIC & HERB ORG,,
,2165,32 BEAN & 8 VEGGIE SOUP MIX,5077,BAKING MIX WHEAT&DAIRY FREE ORG,2186,FAVA UNPEELED ORG,,,,,,,6805,BARLEY MALT SYRUP ORG,,2318,THANKSGIVING TROUBLE COFFEE,,6470,HIJIKI SEAWEED,,5555,OLIVES ON THE FLY 2012,,5168,PISTACHIO SALT/PEPPER ORG,,
,6435,AGAR AGAR PWD,2120,BAKING PWD,2185,FLAGELOT ORG,,,,,,,6280,BASMATI RICE BROWN BABY KALIJIRA,,2412,THANKSGIVING UGANDAN COFFEE,,4145,HOMINY CORN,,2249,OLIVES SEVILLANO ORG,,2805,POMEGRANITE PUNCH CANDY,,
,2001,AGAVE SYRUP ORG,2110,BAKING SODA,2195,GARBANZO ORG,,,,,,,2640,CALYPSO BEANS,,2411,VASQUEZ MANHATTEN DARK COFFEE,,6831,HONEY CLOVER,,3748,ONION GRILLED,,2963,PRETZEL PEANUT BUTTER,,
,6530,ALFALFA SEED ORG,3740,BANANA CHIPS ORG,2625,GOODMOTHERS STALLARD,,,,,,,2205,CHRISTMAS BEANS,,2421,VASQUEZ MEXICAN UNROASTED ORG COFFEE,,2770,HONEY MINTS,,5715,PASTA ALFABETO,,6561,PUMPKIN SEED RAW,,
,5385,ALMOND BUTTER CRUNCHY R ORG,3956,BARLEY FLAKES ORG,2331,GREAT NORTHERN,,,,,,,2625,GOODMOTHERS STALLARD BEANS,,2476,VASQUEZ ZAPITSTA LIGHT COFFEE,,3380,HUNZA BERRIES,,6077,PASTA BOWTIE VEGGIE,,5302,QUINOA COOKIE GF,,
,7772,ALMOND BUTTER FRESH GROUND,6805,BARLEY MALT SYRUP ORG,2633,HIDATSA,,,,,,,2633,HIDATSA BEANS,,2333,CORN CHIPS,,6295,JAPONICA RICE,,5994,PASTA CHITARRA WHOLE WHEAT,,4155,QUINOA FLAKES ORG,,
,5415,ALMOND BUTTER HAZELNUT R ORG,6180,BARLEY MALT PWD ORG,2200,KIDNEY ORG,,,,,,,2035,LUPIN BEANS,,4020,COUSCOUS LEBANESE,,6415,JASMINE RICE LONG LUNDBERG,,5800,PASTA EGG NOODLES,,3192,RASPBERRY DRIED ORG,,
,5352,ALMOND BUTTER CREAMY R ORG,3955,BARLEY HULLED ORG,2108,LIMA XMAS ORG,,,,,,,2107,MARROW BEANS,,2999,DATE SPICE CRUNCHIES,,2845,JOLLY BEANS NATURAL,,5840,PASTA EGG NOODLES ORG,,5336,ROOIBOS TEA COOKIES,,
,5390,ALMOND BUTTER CRUNCHY R ,3950,BARLEY PEARLED ORG,2107,LIMA GIANT WHITE,,,,,,,2105,MIDNIGHT BLACK BEANS,,6115,EGG REPLACER,,5301,KAMUT COOKIES ORG,,5763,PASTA ELBOW,,3594,ROSEMARY RYE PORRIDGE,,
,5371,ALMOND BUTTER MAPLE ORG,3965,BARLEY PURPLE HULLED ORG,2035,LUPIN,,,,,,,2605,PEBBLE BEANS,,6230,ELECTROLYTE REPLACE,,3040,KAMUT WHEAT CEREAL ORG,,5867,PASTA ELBOW VITA SPELT ORG,,2588,SALSA DELFINA ORG,,
,5370,ALMOND BUTTER RAW ORG,3960,BARLEY SPROUTING ORG,2107,MARROW,,,,,,,2162,PERUANO BEANS,,2888,CRAN APRICOT ENERGY NUGGET ORG,,6517,KELP CRUNCH BAR MAPLE,,5765,PASTA FETTUCINE NEST,,2668,SALT HAWAIIAN RED ALAEA,,
,5231,ALMOND CHEEZY V,,BEANS,2100,MAYOCOBA,,,,,,,2250,PIEGON PEA,,2889,SUPER GREENS ENERGY NUGGET,,6506,KELP PWD NEREO,,6071,PASTA FETTUCINE NEST SPINACH,,2480,SALT LIMA SEA,,
,2840,ALMOND CHILI CHOCO SPROUTED,2163,ANASAZI ,2105,MIDNIGHT BLACK,,,,,,,2206,PINK BEANS ORG,,2889,TUMERIC ENERGY NUGGET,,6169,KOJI RICE BROWN ORG,,5770,PASTA FETTUCINI BROWN RICE,,2239,SALT PINK HIMALAYAN LARGE CHUNK ,,
,5327,ALMOND DRY R/S,2160,AZUKI ORG,2240,MUNG ORG,,,,,,,2100,RANCHO GORDO BEANS,,2950,FARINA GUISTO,,6170,KUDZU ROOT STARCH ORG,,5797,PASTA FUSILLI TRI COLOR,,2668,SALT RED SEA HAWAIANN ALAEA,,
,4375,ALMOND EXTRACT,2170,BLACKEYED PEA ORG,2330,NAVY ORG,,,,,,,2100,RIO ZAPE BEANS,,3170,FIGS CALIMYRNA DRIED ORG,,2210,LENTIL,,5105,PASTA GEMELLI,,2667,SALT YAKIMA APPLEWOOD SMOKED SEA,,
,5120,ALMOND RAW ORG,2007,BLACK BEAN SALAD,2106,ORCA ORG,,,,,,,2237,RED NIGHT FALL BEANS,,4252,FLAX CEREAL ORG,,2220,LENTIL RED SPLIT ORG,,5722,PASTA LASAGNA,,4023,SAURKRAUT ARAME GINGER RAW,,
,5115,ALMOND R/S ORG,3458,BLACK BEAN SOUP,2642,PEBBLE,,,,,,,2217,STUBEN YELLOW EYE BEANS,,3688,FLOUR BREAD WHITE  ORG,,2266,LENTIL SOUP MIX,,5815,PASTA LASAGNE GARDENTIME ORG,,4022,SAURKRAUT DILL GARLIC,,
,5132,ALMOND R/U ORG,2180,BLACK TURTLE ORG,2162,PERUANO,,,,,,,2630,SUNSET RUNNER BEANS,,5085,FORBIDDEN RICE ORG,,5760,LO MEIN NOODLES,,5733,PASTA ASAGNA SPINACH,,2490,SESAME STICK,,
,3486,ALMOND SLICED ORG,2640,BLACK CALYPSO,2250,PIEGON PEA,,,,,,,2106,VAQUERO BEANS,,4095,FREEKEH CRACKED,,5285,MACADAMIA RAW ORG,,6070,PASTA LIL DREAMS GF WF,,2271,SOUP BROTH ORG,,
,2664,ALMOND SLICED HONEY GLAZED ORG,2245,CANNELLIN 0RG,2206,PINK ORG,,,,,,,2316,WHITE RUNNER BEANS,,6519,GINGER KELP BAR,,5300,MACADAMIA R/S ORG,,5860,PASTA ORECCHIETTE WHOLE SPELT WHEAT,,6260,SOY MILK PWD,,
,5140,ALMOND TAMARI R ORG,2100,CASSOULET,2290,PINTO ORG,,,,,,,5361,BISCOTTI ROSEMARY PARMESAN MINI,,2810,GINGER LEMON DROP,,6250,MILK PWD W/ EGG,,5255,PASTA ORZO MELON SEED,,5665,SOY OIL ORG,,
,3940,AMARANTH GRAIN ORG,2125,CHANA DAL SPLIT GARBANZO,2100,RANCHO GORDO,,,,,,,5350,BISCOTTI SAVORY,,2929,GINGER PICKLED,,5600,MIXED NUTS HONEY ROASTED,,5725,PASTA ORZO WHOLE WHEAT,,6249,SOY PROTIEN PWD COM,,
,5325,ANIMAL COOKIE,2576,CHICKPEAS IN MARINADE,2300,RED ORG,,,,,,,6825,BROWN SUGAR ORG,,3575,GLUTEN FLOUR ORG,,4077,MUSELI OMEGA 3 ORG,,5850,PASTA PAGODAS CORN QUINOA ORG,,6245,SOY PROTEIN PWD ORG,,
,2115,APRICOT KERNELS ORG,2205,CHRISTMAS,2277,REFRIED BLACK INSTANT,,,,,,,5625,CANOLA OIL,,2705,GOJI BERRY COV CHOCOLATE,,4300,MUSELI ORG,,5822,PASTA PENNE BROWN RICE LUNDBURG ORG,,6240,SOY PWD,,
PG 1,COV=COVERED IN · FT=FAIR TRADE · GF=GLUTEN FREE · ORG=ORGANIC · PWD=POWDER · R=ROASTED · S=SALTED · U=UNSALTED ·V=VEGAN · WF=WHEAT FREE,,,,,,PG 1,,,,,,5235,CASHEW BRAGGS,,4675,ACAI APPLE GRANOLA,,3988,MUSELI UNSWEETENED,,5840,PASTA PENNE CORN QUINOA,,3216,STRAWBERRY DRIED ORG,,
,,,,printed 8/19/2015,,,,,,,,,5354,CASHEW BUTTER R ORG,,3788,APPLE RAISIN GRANOLA,,2555,PORTABELLA DRIED MUSHROOMS,,5855,PASTA PENNE EDDIES VEGI ORG,,6890,SUGAR SUCANAT  FT ORG,,
,,,,printed 8/19/2015,,,,,,,,,5160,CASHEW SALT & PEPPER,,3888,APPLE RAISIN WALNUT GRANOLA,,5025,NATURES BURGER,,5735,PASTA RADIATORE,,6650,SUNFLOWER SEED TAMARI,,
PG 2,2288,REFRIED PINTO INSTANT,3970,BUCKWHEAT RAW ORG,2125,CHANA DAL SPLIT GARBANZO,PG 2,,,,,,2845,CHERRY COV DARK CHOCO FT ORG,,4320,AUNT GINGERS GRANOLA,,3190,NECTARINE DRIED ORG,,6085,PASTA RAVIOLI FRESH BUTTERNUT VEGAN,,5035,TABOULI SALAD,,
,2237,RED NIGHT FALL,3980,BUCKWHEAT TOASTED ORG,3111,CHERRIES PINOT,,,,,,,2790,CHOCOLATE BUTTON COCONUT VEGAN,,3788,BANANA CRUNCH GRANOLA,,3210,NECTARINE WHITE DRIED ORG,,5737,PASTA RIBBION ARTICHOKE,,4036,TEFF FLOUR BROWN,,
,2100,RIO ZAPE,4015,BULGAR WHEAT ORG,6915,CHERRY BERRY MIX ORG,,,,,,,2795,BUTTON VEGAN,,4345,BLACK N BLUE GRANOLA,,6465,NORI SEA RINSED PACIFIC WC,,5896,PASTA RIBBION EGG ORG,,4352,TRAIL MIX CRANBERRY CASHEW CHOCOLATE ,,
,2100,SANTA MARIA PINQUINTO,6150,BUTTERMILK PWD ORG,3555,CHESTNUT DRIED,,,,,,,2915,CHOCOLATE CHERRY,,4316,CALYPSO CRUNCH GRANOLA,,4500,OAT BERRIES WHOLE,,5898,PASTA RIGATONI ORG,,4899,TRAIL MIX GO CHERRY,,
,2100,SCARLET RUNNER,2995,CACAO BEAN RAW ORG,4111,CHIA SEEDS BLACK,,,,,,,2795,CHOCOLATE CHOCO DROPS DARK,,3598,CHERRY ALMOND QUINOA GRANOLA\ ORG,,2900,OLD WORLD CEREAL MIX ORG,,6033,PASTA ROTELLE RAINBOW ORG,,5590,TRAIL MIX SUNRIDGE FARMS PARTY MIX,,
,2630,SNOWCAP,6062,CACAO BUTTER RAW ORG,5010,"""CHICKEN"" BROTH VEGETARIAN",,,,,,,2774,CHOCOLATE FT ORG,,4314,CHERRY PECAN GRANOLA,,2565,OLIVE OIL CASTELCALTRANO MIXED,,5955,PASTA ROTINI ORG,,5593,TRAIL MIX TROPICAL DELIGHT MIX ORG,,
,2310,SOY ORG,2943,CACAO NIBS RAW ORG,2576,CHICKPEAS IN MARINADE,,,,,,,2015,DARK CHOCOLATE MINI BARS ORG,,4002,CHOCOLATE FANTASY GRANOLAORG,,5660,OLIVE OIL JALAPENO EXTRA VIRGIN,,5762,PASTA SHELL,,4184,TRITICALE FLAKES ORG,,
,2315,SOY BLACK ORG,6163,CACAO PWD RAW ORG,3305,CHILIS ANCHO DRIED ORG,,,,,,,2700,HOT CHOCOLATE PISTOLES ,,3594,CHOCOLATE HAZELNUT FIG GRANOLA ORG,,5660,OLIVE OIL MISSION TRAIL EXTRA VIRGIN,,6005,PASTA SHELL SPELT ORG,,4088,TRITICULE GRAIN ORG,,
,2217,STUBEN YELLOW EYE,6880,CANE SUGAR EVAPORATED FT ORG,3318,CHILIS CHIPOTLES DRIED ORG,,,,,,,2782,MILK CHOCOLATE,,3716,COCO CHOCO GOJI GRANOLA ORG,,5645,OLIVE OIL MISSION WINTER,,5860,PASTA SHELL WHOLE WHEAT SPELT,,4371,VANILLA EXTRACT ALCOHOL FREE,,
,2630,SUNSET RUNNER,5625,CANOLA OIL,3319,CHILIS HABANERO DRIED ORG,,,,,,,2935,WRAPPED CHOCOLATE NUGGET,,4279,CRANBERRY GRANOLA,,5646,OLIVE OIL NAPA EXTRA VIRGIN ORG,,6055,PASTA SHELL VEGETABLE ORG,,5040,VEGGIE BROTH ORG,,
,2525,TIGER EYE,5635,CANOLA OIL ORG,3317,CHILIS NEW MEXICO DRIED ORG,,,,,,,2863,BITTERSWEET CHOCOLATE CHIPS,,4007,CRANBERRY CASHEW PECAN GRANOLA ORG,,5690,OLIVE OIL PALESTINIAN EXTRA VIRGIN,,6006,PASTA SPAGHETTI ORG,,7555,VINEGAR BALSAMIC WHITE,,
,2106,VAQUERO,2522,CAPERBERRY,2475,CHILIS W/ HOT OIL,,,,,,,2780,GRAIN SWEETENED CHOCOLATE CHIPS,,5312,CRANBERRY MAPLE GRANOLAORG,,5665,OLIVE OIL ROSEMARY EXTRA VIRGIN,,6010,PASTA SPAGHETTI WHOLE WHEAT ORG ,,7245,VINEGAR BROWN RICE ORG,,
,2316,WHITE RUNNER,2523,CAPER SALT CURED ORG,,CHOCOLATE,,,,,,,2853,WHITECHOCOLATE CHIPS ORG,,4315,DIVINELY GRANOLA ORG,,5644,OLIVE OIL TEHAMA GOLD ,,6059,PASTA TRENNE,,7260,VINEGAR RASPBERRY,,
,2636,YELLOW MOUNTAIN,2921,CAROB PWD RAW ORG,2829,66% DARK DISCS ORG,,,,,,,2425,COAST ROAST GUATAMALA COFFEE,,3593,FARM BLEND GRANOLA,,2525,OLIVE SALADA,,5600,PASTA TORTIGLIONI PASTA,,7275,VINEGAR SHERRY JEREZ,,
,2349,BEE POLLEN   CALIFORNIA BEE,2920,CAROB PWD TOASTED,2830,ALMOND COV DARK ORG,,,,,,,2423,CAPRICORN FRENCH DARK COFFEE ORG,,4240,FREE RAISIN GRANOLA,,6985,OLIVES ANTIPASTO MIX GREEK,,6040,PASTA TWISTIES ROYAL SPINACH,,7265,VINEGAR SOLANO SHERRY,,
,2351,BEE POLLEN   POLLEN MAN,5235,CASHEW BRAGGS,2840,ALMOND COV MILK ORG,,,,,,,2423,CAPRICORN DARK FRENCH COFFEE,,4291,GINGER SNAP GRANOLA,,2645,OLIVES ARBEQUINA ORG,,5705,PASTA ZUCHHETTE,,6484,WHOLE GRAIN RICE BLEND ORG,,
,2340,BEE POLLEN   MOONSHINE,5373,CASHEW BUTTER MAPLE ORG,2024,AUTUMN ORG,,,,,,,2348,DE LA PAZ COSTA RICAN COFFEE ORG,,4325,LOW FAT BERRY GRANOLA,,2550,OLIVES BLACK FARGA ,,3210,PEACH DRIED,,3685,WHOLE WHEAT FLOUR BREAD ORG,,
,2280,BEETS MARINATED,5354,CASHEW BUTTER R ORG,2075,BUNNIES / DISCS,,,,,,,2397,DE LA PAZ ETHIOPIAN WUTETE YAYO COFFEE,,3801,MAPLE PECAN GRANOLA,,2445,OLIVES BLACK NICOISE,,3230,PEACH DRIED ORG,,3690,WHOLE WHEAT FLOUR MEDIUM ORG,,
,5350,BISCOTTI SAVORY,5353,CASHEW BUTTER RAW ORG,2790,BUTTON COCONUT V,,,,,,,2416,DE LA PAZ GUATEMALAN COFFEE ORG,,4285,NEW ENGLAND GRANOLA,,2551,OLIVES CEXICAN CHIPOLTE,,5451,PEANUT BUTTER CREAMY ORG,,5351,WALNUT BUTTER RAW ORG,,
,5360,BISCOTTI TURKISH COFFEE MINI,5103,CASHEW CAJUN ORG,2792,BUTTON ESPRESSO V,,,,,,,2393,DE LA PAZ MUMIRWA BURUNDI COFFEE,,4325,OIL FREE BERRY GRANOLA,,3445,OLIVES FARMERS MIX,,5454,PEANUT BUTTER CREAMY ORG,,5143,WALNUT HONEY R ORG,,
,2007,BLACK BEAN SALAD,5230,CASHEW CHEEZY TOMATO,2797,BUTTON MINT V,,,,,,,2344,DE LA PAZ MOREDECOFE COFFEE,,4670,POMO PLUS GRANOLA,,2449,OLIVES GREEK MIXED ORG,,5450,PEANUT BUTTER CRUNCHY ORG,,5298,WALNUT MAPLE COATED,,
,4335,BRAGGS LIQUID AMINOS,5165,CASHEW CURRY ORG,2796,BUTTON PEANUT BUTTER V,,,,,,,2374,EQUAL EXCHANGE NICA DECAF COFFEE,,4246,PUMPKIN SPICE GRANOLA,,2553,OLIVES GREEN BOSANO,,5240,PEANUT BUTTER STOCK ORG,,4232,WHEAT GERM TOASTED,,
,5150,BRAZIL NUT RAW ORG,5065,CASHEW KRINKLE WRAPPED,2795,BUTTON V,,,,,,,2376,EQUAL EXCHANGE RIO AZUL COFFEE FT,,4297,RASPBERRY ORG GRANOLA,,5405,OLIVES GREEN CHOPPED SPREAD,,5230,PEANUT IN SHELL,,4055,WHOLE WHEAT GRAIN,,
,3005,BREADCRUMBS PANKO,5161,CASHEW PIECES ORG,2800,CACAO NIBS COV DARK ORG,,,,,,,2348,IBIS COSTA RICA COFFEE,,2973,RAINFOREST GRANOLA,,2554,OLIVES GREEN CINNAMON CARDAMEN ,,5650,PEANUT OIL,,,,,
,6585,BROCCOLI SEED ORG,5160,CASHEW SALT & PEPPER,2845,CHERRY COV DARK FT ORG,,,,,,,2344,IBIS FRENCH COFFEE,,4255,RASPBERRY N CREAM GRANOLA,,2467,OLIVES GREEN CRACKED,,5320,PEANUT R/S SPANISH,,,,,
,6865,BROWN RICE SYRUP ORG,5104,CASHEW SEA SALT & ONION R/S ORG,2850,CHERRY COV MILK CHOC,,,,,,,2347,IBIS MAYAN SUN RISE COFFEE,,4006,TRIPLE BERRY ORG GRANOLA,,2258,OLIVES GREEN HERBES DE PROVENCE ,,3226,PEAR HALF DRIED ORG,,,,,
,6810,BROWN SUGAR CANE,5185,CASHEW WHOLE R/S ORG,2795,CHOCO DROPS DARK,,,,,,,2382,MUD MAYAN TEMPLE COFFEE ORG,,4120,VANILLA NOT SWEET GRANOLA,,2458,OLIVES GREEN PITTED,,5380,PECAN BUTTER ORG,,,,,
,6825,BROWN SUGAR ORG,5180,CASHEW WHOLE RAW ORG,2774,CHOCOLATE FT ORG,,,,,,,2383,MUD RISE AND SHINE COFFEE,,3595,VERITAS GRANOLA,,2485,OLIVES GREEN PITTED W/ CHILES,,5320,PECAN IN SHELL,,,,,
,3015,BUCKWHEAT CREAMY ORG,2900,CEREAL BLEND ORG,3536,CHOCOLATE ENGLISH TOFFEE,,,,,,,2397,OUTLAND ITALIAN COFFEE,,4115,VERY BERRY CRUNCH GRANOLA,,2295,OLIVES GREEN SONOMA LOCAL ,,5299,PECAN MAPLE COATED,,,,,
PG 2,COV=COVERED IN · FT=FAIR TRADE · GF=GLUTEN FREE · ORG=ORGANIC · PWD=POWDER · R=ROASTED · S=SALTED · U=UNSALTED ·V=VEGAN · WF=WHEAT FREE,,,,,,PG 2,,,,,,2381,RITUAL BOLIVIAN COFFEE,,2905,WILD BLUEBERRY GRANOLA,,2458,OLIVES GREEN SONOMA PITTED ,,5260,PECAN PIECES ORG,,,,,
,,,,,,,,,,,,,,,,,,,,,,,,,,,,
,,,,,,,,,,,,,,,,,,,,,,,,,,,,
PG 3,2815,COCONUT CHEWS DARK,2780,GRAIN SWEETENED,2385,BREAKFAST DECAF FT ORG,PG 3,,,,,,,,,,,,,,,,,,,,,
,2778,DISCS MILK ORG,2782,MILK,2389,BREAKFAST MEDIUM FT ORG,,,,,,,,,,,,,,,,,,,,,,
,2095,EARTHBALLS,2785,SEMI SWEET,2372,CAFÉ PERU FT ORG,,,,,,,,,,,,,,,,,,,,,,
,2025,EASTER BUNNY ,2863,SEMI SWEET FT ORG,2433,COLUMBIAN FT ORG,,,,,,,,,,,,,,,,,,,,,,
,2925,EASTER EGGS DARK,2853,WHITE ORG,2390,ESPRESSO BLEND FT ORG,,,,,,,,,,,,,,,,,,,,,,
,2025,EASTER EGGS MILK ,5490,COCONUT BUTTER RAW ORG,2378,ESPRESSO DECAF FT ORG,,,,,,,,,,,,,,,,,,,,,,
,2791,ESPRESSO BEANS COV DARK ORG,3045,COCONUT CHIPS TOASTED ORG,2335,ETHIOPIAN FT ORG,,,,,,,,,,,,,,,,,,,,,,
,2021,GHOST AND GOBLINS,3030,COCONUT DATE ROLL ORG,2432,FRENCH FT ORG,,,,,,,,,,,,,,,,,,,,,,
,2705,GOJI BERRY COV,3065,COCONUT FLAKES UNSWEETEND ORG,2391,FRENCH DECAF FT ORG,,,,,,,,,,,,,,,,,,,,,,
,2925,HALLOWEEN BALLS,5495,COCONUT OIL RAW ORG,2536,GUATEMALAN FT ORG,,,,,,,,,,,,,,,,,,,,,,
,2021,HALLOWEEN MINI MUNCHKIN,6933,COCONUT PALM SUGAR ORG,2371,LOVE BUZZ FT ORG,,,,,,,,,,,,,,,,,,,,,,
,2013,HALLOWEEN MINI V,3140,COCONUT SHRED UNSWEETEND ORG,2336,MIDNIGHT SUN FT ORG,,,,,,,,,,,,,,,,,,,,,,
,2700,HOT CHOCOLATE PISTOLES ,6556,COCOA PWD DUTCHED ORG,2386,MIND BODY SOUL FT ORG,,,,,,,,,,,,,,,,,,,,,,
,2910,MALT BALLS,6160,COCOA PWD NATURAL ORG,2374,NICA DECAF FT ORG,,,,,,,,,,,,,,,,,,,,,,
,2782,MILK CHOCOLATE,2421,COFFEE BEAN MEXICAN RAW ORG,2379,NICA FRENCH FT ORG,,,,,,,,,,,,,,,,,,,,,,
,2793,NUT MIX R COV V,,COFFEE,2376,RIO AZUL FT ORG,,,,,,,,,,,,,,,,,,,,,,
,2860,PECAN CARAMEL MILK ORG,,DE LA PAZ,,EQUATOR,,,,,,,,,,,,,,,,,,,,,,
,2794,PRETZEL COV V,2398,BOLIVIA,2366,ALLIGATOR FRENCH ORG,,,,,,,,,,,,,,,,,,,,,,
,2012,PUMPKIN V,2301,ETHIOPIA DECAFE,2311,DECAF ORG,,,,,,,,,,,,,,,,,,,,,,
,2915,RAINBOW DROPS MILK,2348,COSTA RICAN ORG,2377,JAGUAR ESPRESSO ORG,,,,,,,,,,,,,,,,,,,,,,
,2930,RAISIN COV DARK ORG,2397,ETHIOPIAN WUTETE YAYO,2733,MOKA JAVA ORG,,,,,,,,,,,,,,,,,,,,,,
,2799,SCARY MINIS V,2416,GUATEMALAN ORG,,FOUR BARREL,,,,,,,,,,,,,,,,,,,,,,
,2775,UNSWEETENED,2393,MUMIRWA BURUNDI,2482,BRASS TACKS,,,,,,,,,,,,,,,,,,,,,,
,2853,WHITE CHUNKS ORG,2396,GRACELAND,,JUST COFFEE,,,,,,,,,,,,,,,,,,,,,,
,2011,WITCH VEGAN,2367,BIG CITY,2355,BIKE FUEL ORG,,,,,,,,,,,,,,,,,,,,,,
,2935,WRAPPED NUGGET,2397,RWANDAN KANZU,2418,HUMDINGER ORG,,,,,,,,,,,,,,,,,,,,,,
,,CHOCOLATE CHIPS,,EQUAL EXCHANGE,2426,SEASONAL ORG,,,,,,,,,,,,,,,,,,,,,,
,2863,BITTERSWEET,2388,BLACK SILK ESPRESSO FT ORG,2392,STAMPEDE ROAST,,,,,,,,,,,,,,,,,,,,,,
,2765,DARK ORG,2375,BREAKFAST DARK FT ORG,,,,,,,,,,,,,,,,,,,,,,,,
PG 3,COV=COVERED IN · FT=FAIR TRADE · GF=GLUTEN FREE · ORG=ORGANIC · PWD=POWDER · R=ROASTED · S=SALTED · U=UNSALTED ·V=VEGAN · WF=WHEAT FREE,,,,,,PG 3,,,,,,,,,,,,,,,,,,,,,
,,,,printed 8/19/2015,,,,,,,,,,,,,,,,,,,,,,,,
,,,,printed 8/19/2015,,,,,,,,,,,,,,,,,,,,,,,,
PG 4,,KALANI,,TAYLOR MAID,5339,COOKIE ESPRESSO SHORTBREAD,PG 4,,,,,,,,,,,,,,,,,,,,,
,2422,DECAF ORG,2402,FARM HOUSE DECAF ORG,5335,COOKIE OATMEAL CURRANT,,,,,,,,,,,,,,,,,,,,,,
,2429,FRENCH ORG,2399,GOAT ROCK ROAST ORG,5336,COOKIE ORANGE,,,,,,,,,,,,,,,,,,,,,,
,2428,OCEANA ORG,2437,SUMMER HARVEST ROAST ORG,5338,COOKIE PEANUT BUTTER,,,,,,,,,,,,,,,,,,,,,,
,2431,SUMATRA ORG,2373,RED ROOSTER FRENCH ROAST ORG,2333,CORN CHIPS,,,,,,,,,,,,,,,,,,,,,,
,,MUD,2318,RISE & SHINE ORG,2334,CORN CHIPS BLUE,,,,,,,,,,,,,,,,,,,,,,
,2382,MAYAN TEMPLE ORG,2384,SULAWASI,2492,CORN CHIPS PICO DI GALLO,,,,,,,,,,,,,,,,,,,,,,
,2383,RISE AND SHINE,,TEECCINO,2945,CORN FLAKES ORG,,,,,,,,,,,,,,,,,,,,,,
,,OUTLAND,2407,ORIGINAL,4145,CORN YELLOW FLINT ,,,,,,,,,,,,,,,,,,,,,,
,2397,ITALIAN,2406,VANILLA,4030,CORN YELLOW WHOLE ORG,,,,,,,,,,,,,,,,,,,,,,
,,PEACE COFFEE,,THANKSGIVING,2325,CORNICHON,,,,,,,,,,,,,,,,,,,,,,
,2338,BREAKFAST BLEND ORG,2318,TROUBLE,3530,CORNMEAL BLUE ORG,,,,,,,,,,,,,,,,,,,,,,
,2423,SEASONAL BLEND ORG,2412,UGANDAN,3520,CORNMEAL STONEGROUND ORG,,,,,,,,,,,,,,,,,,,,,,
,2382,TWIN CITIES BLEND ORG,,VASQUEZ,2135,CORNSTARCH,,,,,,,,,,,,,,,,,,,,,,
,,PACHAMAMA,2442,EL SALVADOR FT ORG,4050,COUSCOUS ORG,,,,,,,,,,,,,,,,,,,,,,
,2420,5 SISTERS ORG,2417,BRAZIL DARK FT ORG,4025,COUSCOUS ISRAEL,,,,,,,,,,,,,,,,,,,,,,
,2414,BREAKFAST BLEND ORG,2415,ESPRESSO ROAST FT ORG,4020,COUSCOUS LEBANESE,,,,,,,,,,,,,,,,,,,,,,
,2439,FARMERS EXTRA DARK FT ORG,2424,FRENCH ROAST FTORG,2017,COUSCOUS SALAD,,,,,,,,,,,,,,,,,,,,,,
,2434,FRENCH FT ORG,2419,ITALIAN FT ORG,4055,COUSCOUS WHOLE WHEAT ORG,,,,,,,,,,,,,,,,,,,,,,
,2441,PERU ORG,2411,MANHATTEN DARK,6162,CREAM OF TARTAR,,,,,,,,,,,,,,,,,,,,,,
,,SF COFFEE COMPANY,2421,MEXICAN UNROASTED ORG,2985,CRISPY BROWN RICE ORG,,,,,,,,,,,,,,,,,,,,,,
,2438,FRENCH ROAST ORG,2476,ZAPITSTA LIGHT,2266,CURRY LENTIL SOUP MIX,,,,,,,,,,,,,,,,,,,,,,
,2368,GUATEMALA ORG,,UBUNTU,2221,CURTIDO PROBIOTIC,,,,,,,,,,,,,,,,,,,,,,
,2468,COASTA RICAN ORG,2393,BREAKFAST BLEND FT ORG,6944,DATE SUGAR RAW ORG,,,,,,,,,,,,,,,,,,,,,,
,2444,ITALIAN ORG,2427,ESPRESSO ORG,6895,DEMERARA SUGAR CANE   ,,,,,,,,,,,,,,,,,,,,,,
,2338,SUMATRA ORG,2403,LA FEM NICARAGUAN FT ORG,2573,DOLMAS BROWN RICE GRAPELEAVES,,,,,,,,,,,,,,,,,,,,,,
,,SIGHTGLASS,2383,PERU DECAFE ORG FT,2572,DOLMAS STUFFED GRAPELEAVES,,,,,,,,,,,,,,,,,,,,,,
,2370,BLUEBOON BLEND,,,,,,,,,,,,,,,,,,,,,,,,,,
,2339,OWLS HOWL ESPRESSO,,,,,,,,,,,,,,,,,,,,,,,,,,
PG 4,COV=COVERED IN · FT=FAIR TRADE · GF=GLUTEN FREE · ORG=ORGANIC · PWD=POWDER · R=ROASTED · S=SALTED · U=UNSALTED ·V=VEGAN · WF=WHEAT FREE,,,,,,PG 4,,,,,,,,,,,,,,,,,,,,,
,,,,,,,,,,,,,,,,,,,,,,,,,,,,
,,,,,,,,,,,,,,,,,,,,,,,,,,,,
,,,,,,,,,,,,,,,,,,,,,,,,,,,,
PG 5,,DRIED FRUIT,3380,HUNZA BERRIES,6450,DULSE ATLANTIC SEAWEED WC,PG 5,,,,,,,,,,,,,,,,,,,,,
,3110,APPLE RING DRIED ORG,3010,INCA BERRIES GOLDEN ORG,6460,DULSE ATLANTIC FLAKES  WC,,,,,,,,,,,,,,,,,,,,,,
,3120,APRICOT DRIED ORG,3185,MANGO DRIED ORG,3385,EGG HARD BOILED PER EACH,,,,,,,,,,,,,,,,,,,,,,
,3125,APRICOT TURKISH DRIED ORG,3380,MULBERRY SUNDRIED ORG,6115,EGG REPLACER,,,,,,,,,,,,,,,,,,,,,,
,3235,APRIUMS DRIED ORG,3190,NECTARINE DRIED ORG,6230,ELECTROLYTE REPLACE,,,,,,,,,,,,,,,,,,,,,,
,3130,BANANA DRIED ORG,3210,NECTARINE WHITE DRIED ORG,,ENERGY CHUNKS,,,,,,,,,,,,,,,,,,,,,,
,3105,BARBERRIES DRIED ORG,3205,PAPAYA DRIED ORG,2883,CACAO GOJI ORG,,,,,,,,,,,,,,,,,,,,,,
,3115,BILBERRIES DRIED ORG,3210,PEACH DRIED,2887,CAROB SPIRULINA,,,,,,,,,,,,,,,,,,,,,,
,3009,BLUEBERRY DRIED ORG,3230,PEACH DRIED ORG,2886,CHIA ORANGE ORG,,,,,,,,,,,,,,,,,,,,,,
,6915,CHERRY BERRY MIX ORG,3225,PEAR DRIED ORG,2888,CRAN APRICOT  ORG,,,,,,,,,,,,,,,,,,,,,,
,3159,CHERRY SOUR TART DRIED ORG,3226,PEAR HALF DRIED ORG,2884,LEMON POMEGRANATE,,,,,,,,,,,,,,,,,,,,,,
,3155,CHERRY SWEET BING DRIED ORG,3275,PEAR RUBY DRIED ORG,2889,SUPER GREENS,,,,,,,,,,,,,,,,,,,,,,
,3145,CRANBERRIES DRIED,2546,PERSIMMON DRIED ORG,2889,TUMERIC ENERGY NUGGET,,,,,,,,,,,,,,,,,,,,,,
,3146,CRANBERRIES DRIED W/ CANE SUGAR,3240,PINEAPPLE DRIED SUGAR COATED,2562,FALAFEL BALL,,,,,,,,,,,,,,,,,,,,,,
,3144,CRANBERRIES DRIED ORG,3245,PINEAPPLE DRIED ORG,5020,FALAFEL MIX,,,,,,,,,,,,,,,,,,,,,,
,3150,CURRANTS DRIED ORG,3270,PLUM ELEPHANT HEART DRIED ORG,2950,FARINA GUISTO,,,,,,,,,,,,,,,,,,,,,,
,3060,DATE DEGLET PITTED ORG,3270,PLUM JOHN W DRIED ORG,2990,FARINA WHITE ORG,,,,,,,,,,,,,,,,,,,,,,
,3080,DATE MEDJOOL ORG,3270,PLUM MARIPOSA DRIED ORG,2940,FARINA WHOLE WHEAT ORG,,,,,,,,,,,,,,,,,,,,,,
,3090,DATE PIECES ORG,3220,PLUOT SUN DRIED ORG,4180,FARRO EMMER WHEAT ORG,,,,,,,,,,,,,,,,,,,,,,
,3075,DATE RED BERRIES HUNZA,3260,PRUNES PITTED ORG,4172,FARRO EMER WHT SEMI PERLD ORG,,,,,,,,,,,,,,,,,,,,,,
,3085,DATE ZAHIDI ORG ,3250,PRUNES WHOLE ORG,2954,FIG BARS,,,,,,,,,,,,,,,,,,,,,,
,3285,DRAGON FRUIT DRIED ORG,3295,RAISIN FLAME ORG,4252,FLAX CEREAL ORG,,,,,,,,,,,,,,,,,,,,,,
,3170,FIGS CALIMYRNA DRIED ORG,3301,RAISIN GOLDEN ORG,6540,FLAX SEED BROWN ORG,,,,,,,,,,,,,,,,,,,,,,
,3160,FIGS BLACK DRIED ORG,3200,RAISIN MONUKKA ORG,6545,FLAX SEED GOLDEN ORG,,,,,,,,,,,,,,,,,,,,,,
,3175,FIGS SMYRNA WHITE DRIED ORG,3290,RAISIN THOMPSON ORG,6541,FLAX SEED MEAL WHOLE GROUND,,,,,,,,,,,,,,,,,,,,,,
,3170,FIGS TURKISH WHITE ORG,3192,RASPBERRY DRIED ORG,,,,,,,,,,,,,,,,,,,,,,,,
,3174,GINGER CRYSTALLIZED ORG,2856,REGIONAL FRUIT BLEND ORG,,,,,,,,,,,,,,,,,,,,,,,,
,3100,GOJI BERRY ORG,3216,STRAWBERRY DRIED ORG,,,,,,,,,,,,,,,,,,,,,,,,
,3070,HIMILAYAN SUPER FRUIT MIX,,,,,,,,,,,,,,,,,,,,,,,,,,
PG 5,COV=COVERED IN · FT=FAIR TRADE · GF=GLUTEN FREE · ORG=ORGANIC · PWD=POWDER · R=ROASTED · S=SALTED · U=UNSALTED ·V=VEGAN · WF=WHEAT FREE,,,,,,PG 5,,,,,,,,,,,,,,,,,,,,,
,,,,printed 8/19/2015,,,,,,,,,,,,,,,,,,,,,,,,
,,,,printed 8/19/2015,,,,,,,,,,,,,,,,,,,,,,,,
PG 6,,FLOUR,3651,SEMOLINA SUPERFINE ORG,4345,BLACK N BLUE,PG 6,,,,,,,,,,,,,,,,,,,,,
,3505,"""00"" PIZZERIA ",6168,SORGHUM MILO ORG,2905,BLUEBERRY FLAX,,,,,,,,,,,,,,,,,,,,,,
,3403,ALL PURPOSE GF,3605,SPELT WHEAT WHITE ORG,2998,BUCKYS RAW HAZELNUT,,,,,,,,,,,,,,,,,,,,,,
,3680,ALL PURPOSE WHITE  ORG,3655,SPELT WHOLE WHEAT ORG,4316,CALYPSO CRUNCH,,,,,,,,,,,,,,,,,,,,,,
,3495,ALMOND BLANCHED,3670,TAPIOCA STARCH ORG,3598,CHERRY ALMOND QUINOA ORG,,,,,,,,,,,,,,,,,,,,,,
,3425,ALMOND ORG FLOUR,4036,TEFF BROWN,3720,CHERRY ALMOND ORG,,,,,,,,,,,,,,,,,,,,,,
,3480,AMARANTH ORG,4032,TEFF WHITE,4314,CHERRY PECAN,,,,,,,,,,,,,,,,,,,,,,
,3490,BARLEY ORG,3575,VITAL WHEAT GLUTEN ORG,4665,CHERRY VANILLA,,,,,,,,,,,,,,,,,,,,,,
,3450,BLACK BEAN ORG,3685,WHOLE WHEAT BREAD ORG,4002,CHOCOLATE FANTASY ORG,,,,,,,,,,,,,,,,,,,,,,
,3688,BREAD WHITE  ORG,3405,WHOLE WHEAT HARD RED,3594,CHOCOLATE HAZELNUT FIG ORG,,,,,,,,,,,,,,,,,,,,,,
,3500,BUCKWHEAT ORG,3690,WHOLE WHEAT MEDIUM ORG,2961,CINNAMON NUT GF,,,,,,,,,,,,,,,,,,,,,,
,3265,CAKE WHITE,3700,WHOLE WHEAT PASTRY ORG,2976,CINNAMON RAISON REBEL GRAN,,,,,,,,,,,,,,,,,,,,,,
,3165,COCONUT ORG,4095,FREEKEH CRACKED,3716,COCO CHOCO GOJI ORG,,,,,,,,,,,,,,,,,,,,,,
,3510,CORN ORG,2395,R GARLIC R,3558,COCOA BRAZIL GRAN,,,,,,,,,,,,,,,,,,,,,,
,3705,PASTRY WHITE ORG,3553,GARLIC CLOVES BLACK,4260,COCONUT ALMOND ORG,,,,,,,,,,,,,,,,,,,,,,
,3400,GARBANZO & FAVA,2575,GIGANDES IN VINAIGRETTE BEANS,4279,CRANBERRY,,,,,,,,,,,,,,,,,,,,,,
,3550,GARBANZO ORG,2953,GINGER CHEW REEDS,4007,CRANBERRY CASHEW PECAN ORG,,,,,,,,,,,,,,,,,,,,,,
,3575,GLUTEN ORG,5333,GINGER COOKIE,4028,CRANBERRY COCONUT ORG GRAN,,,,,,,,,,,,,,,,,,,,,,
,3565,GRAHAM ORG,2929,GINGER PICKLED,5312,CRANBERRY MAPLE ORG,,,,,,,,,,,,,,,,,,,,,,
,3515,KAMUT WHEAT ORG,3112,GRAIN SALAD,3593,FARM BLEND,,,,,,,,,,,,,,,,,,,,,,
,3695,MILLET ORG,,GRANOLA,4010,FLAX PLUS VANILLA ALMOND ORG,,,,,,,,,,,,,,,,,,,,,,
,3675,OAT ORG,4675,ACAI APPLE,4027,FLAX SEED ORG GRAN,,,,,,,,,,,,,,,,,,,,,,
,3590,POTATO,3788,APPLE RAISIN,4240,FREE RAISIN,,,,,,,,,,,,,,,,,,,,,,
,3610,QUINOA ORG,3888,APPLE RAISIN WALNUT,4291,GINGER SNAP,,,,,,,,,,,,,,,,,,,,,,
,3420,RICE BROWN ORG,4009,APPLE WALNUT GF ORG GRAN,4290,GINGER ZING ORG,,,,,,,,,,,,,,,,,,,,,,
,3625,RICE SWEET WHITE,4320,AUNT GINGERS,4273,GOURMET CRANBERRY,,,,,,,,,,,,,,,,,,,,,,
,3630,RICE WHITE ORG,4318,AUNT MAPLES,4236,GOURMET GINGER,,,,,,,,,,,,,,,,,,,,,,
,3640,RYE DARK ORG,3788,BANANA CRUNCH,4235,GOURMET OIL FREE,,,,,,,,,,,,,,,,,,,,,,
,3650,SEMOLINA ORG,4008,BANANA WALNUT GF ORG GRAN,4299,GOURMET ORIGINAL,,,,,,,,,,,,,,,,,,,,,,
PG 6,COV=COVERED IN · FT=FAIR TRADE · GF=GLUTEN FREE · ORG=ORGANIC · PWD=POWDER · R=ROASTED · S=SALTED · U=UNSALTED ·V=VEGAN · WF=WHEAT FREE,,,,,,PG 6,,,,,,,,,,,,,,,,,,,,,
,,,,,,,,,,,,,,,,,,,,,,,,,,,,
,,,,,,,,,,,,,,,,,,,,,,,,,,,,
,,,,,,,,,,,,,,,,,,,,,,,,,,,,
PG 7,3795,GRACIOUS ORG,2993,WAY TO LIFE GRAN,6830,HONEY WILDFLOWER RAW,PG 7,,,,,,,,,,,,,,,,,,,,,
,3715,HAIMALAYAN GOJI ORG,2905,WILD BLUEBERRY,2564,HUMMUS FRESH,,,,,,,,,,,,,,,,,,,,,,
,4255,HEMP CHIA GF,5666,GRAPESEED OIL,5030,HUMMUS MIX,,,,,,,,,,,,,,,,,,,,,,
,4305,HEMP PLUS ORG,3965,GRITS BARLEY,2400,INKA BEVERAGE,,,,,,,,,,,,,,,,,,,,,,
,3599,HONEY LAVENDER ORG,3525,GRITS CORN,2845,JOLLY BEANS NATURAL,,,,,,,,,,,,,,,,,,,,,,
,4322,KARAKORAN CARDAMON CRUNCH,2947,GRITS CORN BLUE ,2016,KALE AND SPUD SALAD,,,,,,,,,,,,,,,,,,,,,,
,4325,LOW FAT BERRY,2944,GRITS CORN WHITE QUICK ORG,5301,KAMUT COOKIES ORG,,,,,,,,,,,,,,,,,,,,,,
,3801,MAPLE PECAN,3915,GRITS MILLET ORG,3040,KAMUT WHEAT CEREAL ORG,,,,,,,,,,,,,,,,,,,,,,
,4285,NEW ENGLAND,2978,GRITS RICE,4076,KAMUT WHEAT FLAKES ORG,,,,,,,,,,,,,,,,,,,,,,
,4325,OIL FREE BERRY,3566,GUAR GUM,4075,KAMUT WHEAT ORG,,,,,,,,,,,,,,,,,,,,,,
,4234,ORANGE CASHEW,3966,HATO MUGI BARLEY JOBS TEARS,6517,KELP CRUNCH BAR MAPLE,,,,,,,,,,,,,,,,,,,,,,
,4029,ORIGINAL CAFÉ FANNY ORG,5372,HAZELNUT BUTTER CHOCOLATE ORG,6506,KELP PWD NEREO,,,,,,,,,,,,,,,,,,,,,,
,3596,ORIGINAL MILL VALLEY ORG,3889,HAZELNUT BUTTER R ORG,6500,KELP PWD ORG,,,,,,,,,,,,,,,,,,,,,,
,3535,PUMPKIN FLAX PLUS ORG,3545,HAZELNUT MEAL ORG,6488,KELP WHIP FRONDS PACIFIC WC,,,,,,,,,,,,,,,,,,,,,,
,4005,PISTACHIO MULBERRY ORG,5164,HAZELNUT R ORG,4101,KIMCHI GINGER WAKAME RAW ORG,,,,,,,,,,,,,,,,,,,,,,
,4355,POMEGRANATE PLUS ORG,5200,HAZELNUT RAW ORG,4444,KIMCHI JICIMA RAW,,,,,,,,,,,,,,,,,,,,,,
,4670,POMO PLUS,3119,HEIRLOOM SALAD BEANS,4113,KIMCHI KOREAN MU RADISH,,,,,,,,,,,,,,,,,,,,,,
,4246,PUMPKIN SPICE,3577,HEMP & GREENS CEREAL,4026,KIMCHI LOCAL RAW ORG,,,,,,,,,,,,,,,,,,,,,,
,4240,RAISIN ORG,2974,HEMP PROTEIN PWD ORG,2350,KIMCHI MOTHER IN LAW V,,,,,,,,,,,,,,,,,,,,,,
,4297,RASPBERRY ORG,5327,HEMP SEED BUTTER ORG,4022,KIMCHI NAMU GAJI LOCAL,,,,,,,,,,,,,,,,,,,,,,
,2973,RAINFOREST,6535,HEMP SEED HULLED RAW ORG,4112,KIMCHI SPICY NAPA CABBAGE,,,,,,,,,,,,,,,,,,,,,,
,4297,RASPBERRY ORG,5612,HEMP SEED TOASTED ORG,2346,KIMCHI TUMERIC HABANERO,,,,,,,,,,,,,,,,,,,,,,
,4255,RASPBERRY N CREAM,6470,HIJIKI SEAWEED,4495,KOJI STARTER LOCAL,,,,,,,,,,,,,,,,,,,,,,
,2997,REBEL CRUNCH,4145,HOMINY CORN,6455,KOMBU ATLANTIC WC,,,,,,,,,,,,,,,,,,,,,,
,4012,TAHITIAN VANILLA ORG,4148,HOMINY CORN WHITE GIANT,6170,KUDZU ROOT STARCH ORG,,,,,,,,,,,,,,,,,,,,,,
,4006,TRIPLE BERRY ORG,6833,HONEY BLACKBERRY RAW,3556,LEEK FLAKE DRIED ORG,,,,,,,,,,,,,,,,,,,,,,
,4120,VANILLA NOT SWEET,6831,HONEY CLOVER,2545,LEMON PRESERVED,,,,,,,,,,,,,,,,,,,,,,
,3595,VERITAS,2770,HONEY MINTS,2216,LENTIL BLACK BELUGA ORG,,,,,,,,,,,,,,,,,,,,,,
,4115,VERY BERRY CRUNCH,6835,HONEY TROPICAL BLOSSOM ORG,2210,LENTIL EHTIOPIAN SPICY,,,,,,,,,,,,,,,,,,,,,,
PG 7,COV=COVERED IN · FT=FAIR TRADE · GF=GLUTEN FREE · ORG=ORGANIC · PWD=POWDER · R=ROASTED · S=SALTED · U=UNSALTED ·V=VEGAN · WF=WHEAT FREE,,,,,,PG 7,,,,,,,,,,,,,,,,,,,,,
,,,,printed 8/19/2015,,,,,,,,,,,,,,,,,,,,,,,,
,,,,printed 8/19/2015,,,,,,,,,,,,,,,,,,,,,,,,
PG 8,2225,LENTIL FRENCH ORG,4450,MISO COUNTRY LOCAL,2577,MUSHROOMS W HOT PEPPERS,PG 8,,,,,,,,,,,,,,,,,,,,,
,2215,LENTIL ORG,4490,MISO GARBANZO LOCAL,,MUSHROOMS DRIED,,,,,,,,,,,,,,,,,,,,,,
,2299,LENTIL PETITE GOLDEN ,4430,MISO HATCHO ORG,2615,CHAGA,,,,,,,,,,,,,,,,,,,,,,
,2220,LENTIL RED SPLIT ORG,4480,MISO MELLOW WHITE ORG,2495,CHANTRELLE,,,,,,,,,,,,,,,,,,,,,,
,2009,LENTIL SALAD,4470,MISO NATTO BARLEY,2510,MAITAKE,,,,,,,,,,,,,,,,,,,,,,
,2266,LENTIL SOUP MIX,4460,MISO SWEET KYOTO LOCAL,2535,MATSUTAKE,,,,,,,,,,,,,,,,,,,,,,
,2835,LICORICE BLACK ORG,4455,MISO WHITE LOCAL,2505,MOREL,,,,,,,,,,,,,,,,,,,,,,
,2855,LICORICE STONE ORG,,MIXED NUTS,2515,PORCINI,,,,,,,,,,,,,,,,,,,,,,
,5760,LO MEIN NOODLES,5155,GO NUTS U RAW ORG,2555,PORTABELLA,,,,,,,,,,,,,,,,,,,,,,
,2030,LOLLIPOP ORG,5600,HONEY R,2500,SHITAKE ORG,,,,,,,,,,,,,,,,,,,,,,
,2595,LUPINI BEANS IN HARISSA SAUCE,5245,MAPLE SWEETENED,4330,NAMA SHOYU SAUCE ORG,,,,,,,,,,,,,,,,,,,,,,
,5285,MACADAMIA RAW ORG,5205,R/S ORG,5025,NATURES BURGER,,,,,,,,,,,,,,,,,,,,,,
,5300,MACADAMIA R/S ORG,5145,SPICY SWEET R,4475,NIGARI PWD,,,,,,,,,,,,,,,,,,,,,,
,5305,MACADAMIA S/RAW,5106,TAMARI R ORG,2010,NOODLES GLASS COV SRIRACHA,,,,,,,,,,,,,,,,,,,,,,
,6180,MALT PWD,6860,MOLASSES BARBADOS,6465,NORI SEA RINSED PACIFIC WC,,,,,,,,,,,,,,,,,,,,,,
,5421,MAPLE SUGAR ORG,6871,MOLASSES BLACKSTRAP ORG,2975,NUTTY RICE CEREAL,,,,,,,,,,,,,,,,,,,,,,
,6850,MAPLE SYRUP GRADE B ORG,2570,MUFFULETTA SALAD,2578,OKRA PICKLED HOT,,,,,,,,,,,,,,,,,,,,,,
,3570,MASA HARINA ORG,2561,MUHAMMARA SPREAD,4080,OAT BERRIES ORG,,,,,,,,,,,,,,,,,,,,,,
,2971,MESQUITE MEAL,3000,MULTI GRAIN CEREAL,4500,OAT BERRIES WHOLE,,,,,,,,,,,,,,,,,,,,,,
,6190,MILK PWD NON FAT INSTANT,2005,MUNG DAL,4090,OAT BRAN ORG,,,,,,,,,,,,,,,,,,,,,,
,6200,MILK PWD NON FAT ORG,,MUSELI,3025,OATMEAL SCOTTISH ORG,,,,,,,,,,,,,,,,,,,,,,
,6210,MILK PWD WHOLE ORG,2895,BLUEBERRY ORG,4115,OATS 25LBS BAG GF,,,,,,,,,,,,,,,,,,,,,,
,6250,MILK PWD W/ EGG,4300,FIDDLERS,4129,OATS IRISH,,,,,,,,,,,,,,,,,,,,,,
,4070,MILLET ORG,4077,OMEGA 3 ORG,4105,OATS QUICK BABY ORG,,,,,,,,,,,,,,,,,,,,,,
,6464,MIRACLE MIX PACIFIC SEA VEG WC,4300,ORG,4100,OATS ROLLED,,,,,,,,,,,,,,,,,,,,,,
,4485,MISO CHICK PEA ORG,2992,RASPBERRY ORG,4110,OATS ROLLED ORG,,,,,,,,,,,,,,,,,,,,,,
,4440,MISO BARLEY MUGI EDEN ORG,2996,SWISS ORG,4125,OATS STEEL CUT ORG,,,,,,,,,,,,,,,,,,,,,,
,4465,MISO BARLEY MUGI OHSAWA ORG,3988,UNSWEETENED,,,,,,,,,,,,,,,,,,,,,,,,
,4420,MISO BROWN RICE ORG,4250,WILDBERRY,,,,,,,,,,,,,,,,,,,,,,,,
PG 8,COV=COVERED IN · FT=FAIR TRADE · GF=GLUTEN FREE · ORG=ORGANIC · PWD=POWDER · R=ROASTED · S=SALTED · U=UNSALTED ·V=VEGAN · WF=WHEAT FREE,,,,,,PG 8,,,,,,,,,,,,,,,,,,,,,
,,,,,,,,,,,,,,,,,,,,,,,,,,,,
,,,,,,,,,,,,,,,,,,,,,,,,,,,,
,,,,,,,,,,,,,,,,,,,,,,,,,,,,
PG 9,,OLIVES,2450,KALAMATA PITTED ORG,5678,PERSEPHONES,PG 9,,,,,,,,,,,,,,,,,,,,,
,6985,ANTIPASTO MIX GREEK,5400,KALAMATA TAPENADE,5605,PICUAL EXTRA VIRGIN,,,,,,,,,,,,,,,,,,,,,,
,2645,ARBEQUINA ORG,2430,KALAMATA WHOLE ORG,5665,ROSEMARY EXTRA VIRGIN,,,,,,,,,,,,,,,,,,,,,,
,2485,ASCOLANA IN CHILES,2246,LECCINO FRANTOIO,5656,SEVILLANO EXTRA VIRGIN,,,,,,,,,,,,,,,,,,,,,,
,2552,BLACK W/ CUMIN,2451,MANZANELLA ORG,5644,TEHAMA GOLD ,,,,,,,,,,,,,,,,,,,,,,
,2550,BLACK FARGA ,2295,MCEVOY TUSCAN,2525,OLIVE SALADA,,,,,,,,,,,,,,,,,,,,,,
,2435,BLACK SUNDRIED,2440,MIXED W/ HERBS,3554,ONION CHOPPED DRIED,,,,,,,,,,,,,,,,,,,,,,
,2295,BLACK TAGGIACHE LECCINO PITTED,2530,NICOISES ,3748,ONION GRILLED,,,,,,,,,,,,,,,,,,,,,,
,2550,BLACK WITH FETA CHEESE,5555,ON THE FLY 2012,,PASTA,,,,,,,,,,,,,,,,,,,,,,
,2445,CALABRIA SCHIACCIATE,2476,OOPS MIXED,5875,ACCORDION VEGGIE,,,,,,,,,,,,,,,,,,,,,,
,3445,FARMERS MIX,2455,RAINBOW MEDLEY,5255,ALFABETO,,,,,,,,,,,,,,,,,,,,,,
,2449,GREEK MIXED ORG,2249,SEVILLANO ORG,6077,BOWTIE VEGGIE,,,,,,,,,,,,,,,,,,,,,,
,2553,GREEN BOSANO,,OLIVE OIL,6045,BUCATINI,,,,,,,,,,,,,,,,,,,,,,
,2448,GREEN CASTELVETRANO,5658,ARABOSONA EXTRA VIRGIN,5600,CASARECCI,,,,,,,,,,,,,,,,,,,,,,
,2447,GREEN CASTELVETRANO PITTED,5695,ARBEQUINA EXTRA VIRGIN,6025,CASERECCE SWEET PEPPER FRESH V,,,,,,,,,,,,,,,,,,,,,,
,2446,GREEN CERIGNOLA (GIANT GREEN),5647,ARBOSANA,5994,CHITARRA WHOLE WHEAT,,,,,,,,,,,,,,,,,,,,,,
,5405,GREEN CHOPPED SPREAD,5522,BASIL EXTRA VIRGIN,6035,CORKSCREW VEGETABLE ORG,,,,,,,,,,,,,,,,,,,,,,
,2554,GREEN CINNAMON CARDAMEN ,5625,BLOOD ORANGE,5835,CRESTA DI GALLO,,,,,,,,,,,,,,,,,,,,,,
,2467,GREEN CRACKED,2565,CASTELCALTRANO MIXED,5800,EGG NOODLES,,,,,,,,,,,,,,,,,,,,,,
,2258,GREEN HERBES DE PROVENCE,2534,GARLIC EXTRA VIRGIN,5840,EGG NOODLES ORG,,,,,,,,,,,,,,,,,,,,,,
,2465,GREEN LEMON CRACKED,5660,JALAPENO EXTRA VIRGIN,5763,ELBOW,,,,,,,,,,,,,,,,,,,,,,
,2457,GREEN PICHOLINE,5624,LEMON EXTRA VIRGIN,5845,ELBOW CORN QUINOA ORG,,,,,,,,,,,,,,,,,,,,,,
,2458,GREEN PITTED,5645,MANZANILLO EXTRA VIRGIN,6026,ELBOW GF,,,,,,,,,,,,,,,,,,,,,,
,2485,GREEN PITTED W/ CHILES,5655,MISSION EXTRA VIRGIN RAW ORG,5832,ELBOW RICE QUINOA ORG,,,,,,,,,,,,,,,,,,,,,,
,2295,GREEN SONOMA LOCAL ,5630,MISSION TRAIL REFINED PURE,5710,ELBOW SEMOLINA ORG,,,,,,,,,,,,,,,,,,,,,,
,2458,GREEN SONOMA PITTED ,5660,MISSION TRAIL EXTRA VIRGIN,5675,ELBOW WHOLE WHEAT ORG,,,,,,,,,,,,,,,,,,,,,,
,2550,GREEN STUFFED W VARIOUS,5645,MISSION WINTER,5867,ELBOW VITA SPELT ORG,,,,,,,,,,,,,,,,,,,,,,
,2459,HOT TUNISIAN MIX,5646,NAPA EXTRA VIRGIN ORG,5870,FARALLE,,,,,,,,,,,,,,,,,,,,,,
,,,5690,PALESTINIAN EXTRA VIRGIN,5720,FARRO PIZECHI,,,,,,,,,,,,,,,,,,,,,,
PG 9,COV=COVERED IN · FT=FAIR TRADE · GF=GLUTEN FREE · ORG=ORGANIC · PWD=POWDER · R=ROASTED · S=SALTED · U=UNSALTED ·V=VEGAN · WF=WHEAT FREE,,,,,,PG 9,,,,,,,,,,,,,,,,,,,,,
,,,,printed 8/19/2015,,,,,,,,,,,,,,,,,,,,,,,,
,,,,printed 8/19/2015,,,,,,,,,,,,,,,,,,,,,,,,
PG 10,5770,FETTUCCINE BROWN RICE,5831,ORZO RICE QUINOA,6065,RIGATONI FRESH GF,PG 10,,,,,,,,,,,,,,,,,,,,,
,6008,FETTUCCINE KALE FRESH,5905,ORZO TRICOLOR ORG,5898,RIGATONI ORG,,,,,,,,,,,,,,,,,,,,,,
,5765,FETTUCCINE NEST,5725,ORZO WHOLE WHEAT,5900,RIGATONI WHOLE WHEAT,,,,,,,,,,,,,,,,,,,,,,
,6071,FETTUCCINE NEST SPINACH,5850,PAGODAS CORN QUINOA ORG,5740,RIGATONI WHOLE WHEAT SPINACH,,,,,,,,,,,,,,,,,,,,,,
,4980,FUSILLI BROWN RICE,6060,PAPPARDELLE DRY/FRESH,6044,ROTELLE ORG,,,,,,,,,,,,,,,,,,,,,,
,6044,FUSILLI EGG,6595,PASTA AL CEPPO,5805,ROTELLE CORN QUINOA WF,,,,,,,,,,,,,,,,,,,,,,
,5797,FUSILLI TRI COLOR,3116,PASTA SALAD,6033,ROTELLE RAINBOW ORG,,,,,,,,,,,,,,,,,,,,,,
,3114,FUSILLI TRI COLOR FRESH,5822,PENNE BROWN RICE LUNDBURG ORG,5762,SHELL,,,,,,,,,,,,,,,,,,,,,,
,5995,FUSILLI WHOLE WHEAT,5820,PENNE BROWN RICE TINKYADA ORG,5685,SHELL LOCAL,,,,,,,,,,,,,,,,,,,,,,
,5860,FUSILLIONI WHOLE SPELT WHEAT,5840,PENNE CORN QUINOA,6005,SHELL SPELT ORG,,,,,,,,,,,,,,,,,,,,,,
,6095,GARGANELLI,5855,PENNE EDDIES VEGI ORG,5860,SHELL WHOLE WHEAT SPELT,,,,,,,,,,,,,,,,,,,,,,
,5105,GEMELLI,5833,PENNE RICE QUINOA,6055,SHELL VEGETABLE ORG,,,,,,,,,,,,,,,,,,,,,,
,3113,GNOCCHI FRESH GF,5895,PENNE RUSTICELLA,5975,SPAGHETTI ,,,,,,,,,,,,,,,,,,,,,,
,6069,GNOCCHI PUMPKIN FRESH,5677,PENNE WHOLE WHEAT ORG,6006,SPAGHETTI ORG,,,,,,,,,,,,,,,,,,,,,,
,5685,GNOCCHI STINGING NETTLE,5720,PIZECCHI,5985,SPAGHETTI BROWN RICE ORG,,,,,,,,,,,,,,,,,,,,,,
,5722,LASAGNA,5735,RADIATORE,6010,SPAGHETTI WHOLE WHEAT ORG ,,,,,,,,,,,,,,,,,,,,,,
,5815,LASAGNE GARDENTIME ORG,6060,RAPPARDELLE FRESH PASTA,5825,SPIRALS BROWN RICE ORG,,,,,,,,,,,,,,,,,,,,,,
,6029,LASAGNA SHEET EGG LARGE,6085,RAVIOLI FRESH BUTTERNUT V,5676,SPIRAL VEGETABLE ORG,,,,,,,,,,,,,,,,,,,,,,
,6028,LASAGNA SHEET GF,6020,RAVIOLI FRESH CHEESE,6072,STRAW AND HAY FETTUCCINE,,,,,,,,,,,,,,,,,,,,,,
,5733,LASAGNA SPINACH,6075,RAVIOLI FRESH MUSHROOM V,5865,STROZZAPRETI,,,,,,,,,,,,,,,,,,,,,,
,5830,LASAGNE WHOLE WHEAT ORG,6078,RAVIOLI FRESH PORCINI,6059,TRENNE,,,,,,,,,,,,,,,,,,,,,,
,6070,LIL DREAMS GF WF,6015,RAVIOLI FRESH ONION RED CHARD,7000,TORTELLINI FRESH TRI COLOR,,,,,,,,,,,,,,,,,,,,,,
,6004,LINGUINI,6090,RAVIOLI FRESH RED CHARD,5600,TORTIGLIONI PASTA,,,,,,,,,,,,,,,,,,,,,,
,6027,LINGUINI GF,6080,RAVIOLI FRESH SPINACH PINENUT,5755,TROFIE,,,,,,,,,,,,,,,,,,,,,,
,5894,LINGUINI ORG,6090,RAVIOLI FRESH TOMATO BASIL MOZ,6040,TWISTIES ROYAL SPINACH,,,,,,,,,,,,,,,,,,,,,,
,2605,MUSHROOM ALFREDO SAUCE,5737,RIBBION ARTICHOKE,6050,WHEELIES WHOLE WHEAT,,,,,,,,,,,,,,,,,,,,,,
,5888,ORECCHIETTE RUSTICHELLA,5896,RIBBION EGG ORG,5864,WIZARDS REPLY,,,,,,,,,,,,,,,,,,,,,,
,5860,ORECCHIETTE WHOLE SPELT WHEAT,5837,RIBBON PARSLEY GARLIC ORG,5705,ZUCHHETTE,,,,,,,,,,,,,,,,,,,,,,
,5255,ORZO MELON SEED,6005,RIGATONI FRESH,,,,,,,,,,,,,,,,,,,,,,,,
PG 10,COV=COVERED IN · FT=FAIR TRADE · GF=GLUTEN FREE · ORG=ORGANIC · PWD=POWDER · R=ROASTED · S=SALTED · U=UNSALTED ·V=VEGAN · WF=WHEAT FREE,,,,,,PG 10,,,,,,,,,,,,,,,,,,,,,
,,,,,,,,,,,,,,,,,,,,,,,,,,,,
,,,,,,,,,,,,,,,,,,,,,,,,,,,,
,,,,,,,,,,,,,,,,,,,,,,,,,,,,
PG 11,5080,PANCAKE & WAFFLE MIX ORG,,PESTO,5096,POTATO FLAKES ORG,PG 11,,,,,,,,,,,,,,,,,,,,,
,2255,PEA GREEN SPLIT ORG,2560,ARTICHOKE LEMON,3117,POTATO SALAD,,,,,,,,,,,,,,,,,,,,,,
,2270,PEA YELLOW SPLIT ORG,2456,ARUGULA,6212,POTATO STARCH PWD,,,,,,,,,,,,,,,,,,,,,,
,7773,PEANUT BUTTER CHOCOLATE FRESH,2520,BASIL TRADITIONAL ,2491,PRETZEL,,,,,,,,,,,,,,,,,,,,,,
,5451,PEANUT BUTTER CREAMY ORG,2526,CILANTRO,2963,PRETZEL PEANUT BUTTER,,,,,,,,,,,,,,,,,,,,,,
,5454,PEANUT BUTTER CREAMY ORG,2527,KALE,6561,PUMPKIN SEED RAW,,,,,,,,,,,,,,,,,,,,,,
,5456,PEANUT BUTTER CREAMY ORG,2528,SUNDRIED TOMATO,6560,PUMPKIN SEED RAW HULLED ORG,,,,,,,,,,,,,,,,,,,,,,
,5450,PEANUT BUTTER CRUNCHY ORG,2524,CASHEW BASIL V,6570,PUMPKIN SEED R/S HULLED ORG,,,,,,,,,,,,,,,,,,,,,,
,5452,PEANUT BUTTER CRUNCHY ORG,2337,PICKLE BREAD & BUTTER,6565,PUMPKIN SED WHTE R/S UNHLD ORG,,,,,,,,,,,,,,,,,,,,,,
,5455,PEANUT BUTTER CRUNCHY ORG,2380,PICKLE BUBBIES KOSHER DILL,6815,PWD SUGAR FT ORG,,,,,,,,,,,,,,,,,,,,,,
,7771,PEANUT BUTTER FRESH ORG,2242,PICKLE DILL SPEARS MILD,4154,QUINOA BLACK ORG,,,,,,,,,,,,,,,,,,,,,,
,5240,PEANUT BUTTER STOCK ORG,2332,PICKLE HALF SOUR,5302,QUINOA COOKIE GF,,,,,,,,,,,,,,,,,,,,,,
,5230,PEANUT IN SHELL,2333,PICKLE MANHATTAN STYLE,4270,QUINOA CRISPIES ORG,,,,,,,,,,,,,,,,,,,,,,
,5225,PEANUT IN SHELL R/S,2492,PICO DI GALLO CORN CHIPS ,4155,QUINOA FLAKES ORG,,,,,,,,,,,,,,,,,,,,,,
,5650,PEANUT OIL,5265,PINENUT RAW,3112,QUINOA GRAIN SALAD V,,,,,,,,,,,,,,,,,,,,,,
,5220,PEANUT RAW,5531,PISTACHIO BUTTER ORG,4156,QUINOA MULTICOLOR ORG,,,,,,,,,,,,,,,,,,,,,,
,5320,PEANUT R/S SPANISH,5278,PISTACHIO CHILI LEMON ORG,3942,QUINOA RED ORG,,,,,,,,,,,,,,,,,,,,,,
,5240,PEANUT R/U ORG,5278,PISTACHIO CRUSHED GARLIC R/S,4150,QUINOA WHITE ORG,,,,,,,,,,,,,,,,,,,,,,
,5380,PECAN BUTTER ORG,5163,PISTACHIO GARLIC & HERB ORG,6580,RADISH SEED ORG,,,,,,,,,,,,,,,,,,,,,,
,5250,PECAN HALVES RAW ORG,5276,PISTACHIO HICKORY SMOKED ORG,5988,RAMEN BLACK RICE,,,,,,,,,,,,,,,,,,,,,,
,5320,PECAN IN SHELL,5275,PISTACHIO IN SHELL R/S ORG ,6925,RAPADURA SUGAR ORG,,,,,,,,,,,,,,,,,,,,,,
,5299,PECAN MAPLE COATED,5277,PISTACHIO RAW HULLED ORG,6581,RED CLOVER SEED ORG,,,,,,,,,,,,,,,,,,,,,,
,5260,PECAN PIECES ORG,5168,PISTACHIO SALT/PEPPER ORG,2277,REFRIED BLACK BEAN INSTANT,,,,,,,,,,,,,,,,,,,,,,
,2655,PEPPERS GOATHORN IN BRINE,3580,POLENTA ORG,2288,REFRIED PINTO BEAN INSTANT,,,,,,,,,,,,,,,,,,,,,,
,2528,PEPPER RED R SPREAD V,2805,POMEGRANITE PUNCH CANDY,,RICE,,,,,,,,,,,,,,,,,,,,,,
,2578,R PEPPERS R,4141,POPCORN MULTICOLOR ORG,6425,ARBORIO ORG,,,,,,,,,,,,,,,,,,,,,,
,2463,PEPPER SWEET R PEPPADEW,3585,POPCORN WHITE ORG,6660,BAMBOO JADE PEARL ORG,,,,,,,,,,,,,,,,,,,,,,
,2600,PEPPERONCINI,4140,POPCORN YELLOW ORG,6305,BASMATI BROWN ,,,,,,,,,,,,,,,,,,,,,,
,,,6550,POPPY SEED ORG,6280,BASMATI BROWN BABY KALIJIRA,,,,,,,,,,,,,,,,,,,,,,
PG 11,COV=COVERED IN · FT=FAIR TRADE · GF=GLUTEN FREE · ORG=ORGANIC · PWD=POWDER · R=ROASTED · S=SALTED · U=UNSALTED ·V=VEGAN · WF=WHEAT FREE,,,,,,PG 11,,,,,,,,,,,,,,,,,,,,,
,,,,printed 8/19/2015,,,,,,,,,,,,,,,,,,,,,,,,
,,,,printed 8/19/2015,,,,,,,,,,,,,,,,,,,,,,,,
PG 12,6270,BASMATI BROWN ORG,6635,VOLCANO ORG,2588,SALSA DELFINA ORG,PG 12,,,,,,,,,,,,,,,,,,,,,
,6355,BASMATI WHITE,6385,WEHANI ORG,2586,SALSA ESCABECHE FERMENTED,,,,,,,,,,,,,,,,,,,,,,
,6265,BASMATI WHITE ORG,6320,WHITE LONG ORG,2588,SALSA ROJO FERMENTED,,,,,,,,,,,,,,,,,,,,,,
,6300,BROWN LONG,6481,WHITE MEDIUM ORG,2599,SALSA VERDE FERMENTED,,,,,,,,,,,,,,,,,,,,,,
,6310,BROWN LONG ORG,6296,WILD BLEND ORG,,SALT,,,,,,,,,,,,,,,,,,,,,,
,6329,BROWN MEDIUM ORG,6315,WILD ORG,2668,ALAEA RED,,,,,,,,,,,,,,,,,,,,,,
,6330,BROWN SHORT,6316,WILD ORG (GRAYISH COLOR),2665,AUSTRALIAN MURRY RIVER PINK,,,,,,,,,,,,,,,,,,,,,,
,6340,BROWN SHORT ORG,2979,RICE BRAN,2675,BLACK CYPRUS,,,,,,,,,,,,,,,,,,,,,,
,5085,FORBIDDEN ORG,5640,RICE BRAN OIL,2663,CHERRYWOOD SMOKED,,,,,,,,,,,,,,,,,,,,,,
,6220,FORBIDDEN BLACK ORG,2970,RICE CEREAL CREAMY ORG,2490,CHILE VERDE SEA,,,,,,,,,,,,,,,,,,,,,,
,6336,HIMALAYAN RED PARBOILED,2890,RICE CRACKERS JAPANESE ORG,2276,CHIPOTILE,,,,,,,,,,,,,,,,,,,,,,
,6295,JAPONICA,5336,ROOIBOS TEA COOKIES,2667,EL DORADO SMOKE SEA,,,,,,,,,,,,,,,,,,,,,,
,6333,JASMINE BROWN ORG,3594,ROSEMARY RYE PORRIDGE,2669,ESPRESSO SALT,,,,,,,,,,,,,,,,,,,,,,
,6415,JASMINE LONG LUNDBERG,4160,RYE BERRIES ORG,2460,FRENCH GREY SEA,,,,,,,,,,,,,,,,,,,,,,
,6205,JASMINE PURPLE,4165,RYE FLAKES ORG,2275,HABANERO SEA,,,,,,,,,,,,,,,,,,,,,,
,6275,JASMINE WHITE FT ORG,3600,RYE PUMPERNICKEL MEAL ORG,2668,HAWAIIAN RED ALAEA,,,,,,,,,,,,,,,,,,,,,,
,6276,JASMINE THAI FRAGRANT WHITE,5670,SAFFLOWER OIL ORG,2278,R GARLIC R SALT,,,,,,,,,,,,,,,,,,,,,,
,6169,KOJI BROWN ORG,,SALAD,2488,JALAPENO SALT,,,,,,,,,,,,,,,,,,,,,,
,6285,MADAGASGAR PINK,2007,BLACK BEAN,2405,KOSHER CHEF,,,,,,,,,,,,,,,,,,,,,,
,6484,NIRVANA WHOLE GRAIN BLEND ORG,5465,BOOSTER,2677,LEMON ROSEMARY,,,,,,,,,,,,,,,,,,,,,,
,6280,PILAF POTLATCH ORG,2018,BOWTIE PASTA WITH PEANUT SAUCE,2480,LIMA SEA,,,,,,,,,,,,,,,,,,,,,,
,6335,SAFFRON,2017,COUSCOUS,2281,LIME FRESCO,,,,,,,,,,,,,,,,,,,,,,
,3750,SPROUTED BROWN,2575,GIGANDES IN VINAIGRETTE BEANS,2405,MALDON,,,,,,,,,,,,,,,,,,,,,,
,3725,SPROUTED RED,3119,HEIRLOOM BEAN,2236,PINK HIMALAYAN COARSE,,,,,,,,,,,,,,,,,,,,,,
,3745,SPROUTED TRI COLOR,2016,KALE AND SPUD,2238,PINK HIMALAYAN FINE,,,,,,,,,,,,,,,,,,,,,,
,6480,SUSHI BROWN ORG,3117,POTATO SALAD,2239,PINK HIMALAYAN LARGE CHUNK ,,,,,,,,,,,,,,,,,,,,,,
,6423,SUSHI WHITE ORG,3112,QUINOA GRAIN V,2481,PORTUGUESE SEA,,,,,,,,,,,,,,,,,,,,,,
,6350,SWEET BROWN,6475,SEAWEED,2773,REAL PINK ,,,,,,,,,,,,,,,,,,,,,,
,6433,SWEET WHITE ,5035,TABOULI,2668,RED SEA HAWAIANN ALAEA,,,,,,,,,,,,,,,,,,,,,,
PG 12,COV=COVERED IN · FT=FAIR TRADE · GF=GLUTEN FREE · ORG=ORGANIC · PWD=POWDER · R=ROASTED · S=SALTED · U=UNSALTED ·V=VEGAN · WF=WHEAT FREE,,,,,,PG 12,,,,,,,,,,,,,,,,,,,,,
,,,,,,,,,,,,,,,,,,,,,,,,,,,,
,,,,,,,,,,,,,,,,,,,,,,,,,,,,
,,,,,,,,,,,,,,,,,,,,,,,,,,,,
PG 13,2320,SEA COURSE SOLAR,5775,SOBA NOODLE BUCKWHEAT ORG,5060,SUNNY SLICES V ORG,PG 13,,,,,,,,,,,,,,,,,,,,,
,2678,SRIRACHA SALT,6483,SOOFOO GRAIN & LENTIL BLEND ORG,5035,TABOULI SALAD,,,,,,,,,,,,,,,,,,,,,,
,2470,SEA REFINED,4003,SORGHUM GRAIN ORG,5550,TAHINI RAW ORG,,,,,,,,,,,,,,,,,,,,,,
,2666,SMOKE SERRANO SEA SALT,2271,SOUP BROTH ORG,5540,TAHINI TOASTED,,,,,,,,,,,,,,,,,,,,,,
,2279,SPANISH ROSEMARY ,2410,SOY LECITHIN GRANULES,5549,TAHINI TOASTED ORG,,,,,,,,,,,,,,,,,,,,,,
,2670,WHITE FLAKE CYPRUS,5280,SOY NUTS R U ORG,4350,TAMARI WF ORG,,,,,,,,,,,,,,,,,,,,,,
,2667,YAKIMA APPLEWOOD SMOKED SEA,5665,SOY OIL ORG,2595,TAMARIND ORG,,,,,,,,,,,,,,,,,,,,,,
,2605,SAUCE MUSHROOM ALFREDO ,4186,SPELT WHEAT FLAKES ORG,4187,TAPIOCA SMALL PEARLED ,,,,,,,,,,,,,,,,,,,,,,
,4330,SAUCE NAMA SHOYU ORG,4185,SPELT WHEAT ORG,4035,TEFF GRAIN,,,,,,,,,,,,,,,,,,,,,,
,2345,SAUERKRAUT ALEXANDER VALLEY,2167,SPICY SOUTHWESTERN SOUP MIX,4038,TEFF GRAIN IVORY,,,,,,,,,,,,,,,,,,,,,,
,2347,SAUERKRAUT APPLEKRAUT,2265,SPLIT PEA SOUP,6920,TOFU HODO FIRM ORG,,,,,,,,,,,,,,,,,,,,,,
,4023,SAUERKRAUT ARAME GINGER RAW,2010,SRIRACHA GLASS NOODLES,5230,TOMATO CHEEZY CASHEW  ,,,,,,,,,,,,,,,,,,,,,,
,4103,SAUERKRAUT BEET GINGER ORG,6825,SUGAR BROWN ORG,2477,R TOMATO R,,,,,,,,,,,,,,,,,,,,,,
,2322,SAUERKRAUT BUBBIES WHITE RAW,6810,SUGAR CANE BROWN ,3307,TOMATO SUNDRIED ORG,,,,,,,,,,,,,,,,,,,,,,
,2221,SAUERKRAUT CURTIDO PROBIOTIC,6895,SUGAR CANE DEMERARA ,,TRAIL MIX,,,,,,,,,,,,,,,,,,,,,,
,4104,SAUERKRAUT GARLIC DILL RAW ORG,6880,SUGAR CANE EVAPORATED FT ORG,4356,7TH HEAVEN ORG,,,,,,,,,,,,,,,,,,,,,,
,4344,SAUERKRAUT RAW ORG,6905,SUGAR CANE WHITE,4019,GRIZZLIES ORG,,,,,,,,,,,,,,,,,,,,,,
,6516,SEA CRUNCHIES PACIFIC TOASTED WC,6944,SUGAR DATE RAW ORG,5565,APPLENUT ORG,,,,,,,,,,,,,,,,,,,,,,
,6469,SEA LETTUCE FLAKES PACIFIC,5421,SUGAR MAPLE ORG,4352,CRANBERRY CASHEW CHOCOLATE ,,,,,,,,,,,,,,,,,,,,,,
,6467,SEA LETTUCE PACIFIC WC,6815,SUGAR PWD FT ORG,4899,GO CHERRY,,,,,,,,,,,,,,,,,,,,,,
,6510,SEA PALM PACIFIC WC,6925,SUGAR RAPADURA ORG,6900,GO TAKE A HIKE! ORG,,,,,,,,,,,,,,,,,,,,,,
,6466,SEA VEGGI FUCUS TIPS BLADDERWRACK,6890,SUGAR SUCANAT  FT ORG,5560,GO TAKE A WALK! RAW ORG,,,,,,,,,,,,,,,,,,,,,,
,5680,SESAME OIL ORG,5664,SUNFLOWER OIL ORG,5595,HIT THE TRAIL ORG,,,,,,,,,,,,,,,,,,,,,,
,5681,SESAME OIL TOASTED ORG,5357,SUNFLOWER SEED BUTTER ORG,5800,MIXED FAIL! AKA OOPS TRAIL MIX,,,,,,,,,,,,,,,,,,,,,,
,6605,SESAME SEED BLACK ORG,6645,SUNFLOWER SEED HULLED RAW ORG,4332,OREGON ORG,,,,,,,,,,,,,,,,,,,,,,
,6615,SESAME SEED BROWN ORG,6630,SUNFLOWER SEED IN SHELL RAW,5570,SPICY BRAGGS,,,,,,,,,,,,,,,,,,,,,,
,6620,SESAME SEED WHITE HULLED ORG,6506,SUNFLOWER SEED R/S ORG,4184,TRITICALE FLAKES ORG,,,,,,,,,,,,,,,,,,,,,,
,2490,SESAME STICK,6650,SUNFLOWER SEED TAMARI R ORG,4088,TRITICULE GRAIN ORG,,,,,,,,,,,,,,,,,,,,,,
,3552,SHICHIMI TOGARASHI,5099,SUNNY BEARS ORG,3135,TSP ORG,,,,,,,,,,,,,,,,,,,,,,
PG 13,COV=COVERED IN · FT=FAIR TRADE · GF=GLUTEN FREE · ORG=ORGANIC · PWD=POWDER · R=ROASTED · S=SALTED · U=UNSALTED ·V=VEGAN · WF=WHEAT FREE,,,,,,PG 13,,,,,,,,,,,,,,,,,,,,,
,,,,printed 8/19/2015,,,,,,,,,,,,,,,,,,,,,,,,
,,,,printed 8/19/2015,,,,,,,,,,,,,,,,,,,,,,,,
PG 14,5780,UDON NOODLE ORG,5143,WALNUT HONEY R ORG,,,PG 14,,,,,,,,,,,,,,,,,,,,,
,2540,UMEBOSHI PASTE ORG,5298,WALNUT MAPLE COATED,,,,,,,,,,,,,,,,,,,,,,,,
,2541,UMEBOSHI PLUM,5290,WALNUT RAW ORG,,,,,,,,,,,,,,,,,,,,,,,,
,4371,VANILLA EXTRACT ALCOHOL FREE,5266,WALNUT WILD BLACK,,,,,,,,,,,,,,,,,,,,,,,,
,4370,VANILLA EXTRACT ORG,2126,WASABI PWD,,,,,,,,,,,,,,,,,,,,,,,,
,5040,VEGGIE BROTH ORG,4190,WHEAT BERRIES HARD RED ORG,,,,,,,,,,,,,,,,,,,,,,,,
,,VINEGAR,4200,WHEAT BERRIES SOFT WHITE ORG,,,,,,,,,,,,,,,,,,,,,,,,
,7220,APPLE UNFILTERED SPECTRUM,4210,WHEAT BRAN ORG,,,,,,,,,,,,,,,,,,,,,,,,
,7285,BALSAMIC COCOA,4220,WHEAT CRACKED ORG,,,,,,,,,,,,,,,,,,,,,,,,
,7280,BALSAMIC COFFEE,4230,WHEAT FLAKES RED ORG,,,,,,,,,,,,,,,,,,,,,,,,
,7255,BALSAMIC ORG,4231,WHEAT GERM RAW,,,,,,,,,,,,,,,,,,,,,,,,
,7256,BALSAMIC WHITE,4232,WHEAT GERM TOASTED,,,,,,,,,,,,,,,,,,,,,,,,
,7225,BRAGGS APPLE CIDER ORG,6105,WHEY PROTEIN PWD ORG,,,,,,,,,,,,,,,,,,,,,,,,
,7245,BROWN RICE ORG,2150,WHEY SWEET PWD ORG,,,,,,,,,,,,,,,,,,,,,,,,
,7238,CABERNET SAUVIGON,2575,WHITE BEANS IN VINAIGRETTE,,,,,,,,,,,,,,,,,,,,,,,,
,7242,CHARDONNAY,4055,WHOLE WHEAT GRAIN,,,,,,,,,,,,,,,,,,,,,,,,
,7253,D'ANJOU,2269,WILD RICE & VEGGIE SOUP MIX,,,,,,,,,,,,,,,,,,,,,,,,
,7235,MOSCATEL WINE,6165,XANTHUM GUM,,,,,,,,,,,,,,,,,,,,,,,,
,7254,PEAR 1 GALLON VINEGAR,,YEAST,,,,,,,,,,,,,,,,,,,,,,,,
,7260,RASPBERRY,2130,ACTIVE BAKING DRY,,,,,,,,,,,,,,,,,,,,,,,,
,7230,RED WINE ORG,2305,DRY INSTANT,,,,,,,,,,,,,,,,,,,,,,,,
,7240,RICE NAKANO,2580,NUTRITIONAL,,,,,,,,,,,,,,,,,,,,,,,,
,7275,SHERRY JEREZ,2590,NUTRITIONAL ORG,,,,,,,,,,,,,,,,,,,,,,,,
,7265,SOLANO SHERRY,,,,,,,,,,,,,,,,,,,,,,,,,,
,7250,SPARKLING WINE,,,,,,,,,,,,,,,,,,,,,,,,,,
,7270,TRIO RED WINE,,,,,,,,,,,,,,,,,,,,,,,,,,
,7215,WHITE WINE ORG,,,,,,,,,,,,,,,,,,,,,,,,,,
,6499,WAKAME ATLANTIC,,,,,,,,,,,,,,,,,,,,,,,,,,
,5351,WALNUT BUTTER RAW ORG,,,,,,,,,,,,,,,,,,,,,,,,,,
PG 14,COV=COVERED IN · FT=FAIR TRADE · GF=GLUTEN FREE · ORG=ORGANIC · PWD=POWDER · R=ROASTED · S=SALTED · U=UNSALTED ·V=VEGAN · WF=WHEAT FREE,,,,,,PG 14,,,,,,,,,,,,,,,,,,,,,